{
  "losses": [
    3.3860858849116733,
    3.157706158501761,
    2.9077132769993375,
    2.695783955710275,
    2.46621949332101
  ],
  "metrics": {
    "both": {
      "optimistic": {
        "adjusted_arithmetic_mean_rank": 1.0511111111111113,
        "adjusted_arithmetic_mean_rank_index": -0.06580829756795437,
        "adjusted_geometric_mean_rank_index": -0.13423711266908955,
        "adjusted_hits_at_k": -0.03120975861019204,
        "adjusted_inverse_harmonic_mean_rank": -0.08903309998006981,
        "arithmetic_mean_rank": 4.706467661691542,
        "count": 402.0,
        "geometric_mean_rank": 3.800293922445958,
        "harmonic_mean_rank": 3.0336463049932307,
        "hits_at_1": 0.07213930348258707,
        "hits_at_10": 0.945273631840796,
        "hits_at_3": 0.46766169154228854,
        "hits_at_5": 0.6766169154228856,
        "inverse_arithmetic_mean_rank": 0.2124735729386892,
        "inverse_geometric_mean_rank": 0.2631375415710942,
        "inverse_harmonic_mean_rank": 0.3296363186288559,
        "inverse_median_rank": 0.25,
        "median_absolute_deviation": 2.965204437011204,
        "median_rank": 4.0,
        "standard_deviation": 3.058046715084778,
        "variance": 9.351649711640801,
        "z_arithmetic_mean_rank": -1.8423966745292475,
        "z_geometric_mean_rank": -3.0200832593136937,
        "z_hits_at_k": -0.16281549708648413,
        "z_inverse_harmonic_mean_rank": -4.07160792941594
      },
      "pessimistic": {
        "adjusted_arithmetic_mean_rank": 1.0511111111111113,
        "adjusted_arithmetic_mean_rank_index": -0.06580829756795437,
        "adjusted_geometric_mean_rank_index": -0.13423711266908955,
        "adjusted_hits_at_k": -0.03120975861019204,
        "adjusted_inverse_harmonic_mean_rank": -0.08903309998006981,
        "arithmetic_mean_rank": 4.706467661691542,
        "count": 402.0,
        "geometric_mean_rank": 3.800293922445958,
        "harmonic_mean_rank": 3.0336463049932307,
        "hits_at_1": 0.07213930348258707,
        "hits_at_10": 0.945273631840796,
        "hits_at_3": 0.46766169154228854,
        "hits_at_5": 0.6766169154228856,
        "inverse_arithmetic_mean_rank": 0.2124735729386892,
        "inverse_geometric_mean_rank": 0.2631375415710942,
        "inverse_harmonic_mean_rank": 0.3296363186288559,
        "inverse_median_rank": 0.25,
        "median_absolute_deviation": 2.965204437011204,
        "median_rank": 4.0,
        "standard_deviation": 3.058046715084778,
        "variance": 9.351649711640801,
        "z_arithmetic_mean_rank": -1.8423966745292475,
        "z_geometric_mean_rank": -3.0200832593136937,
        "z_hits_at_k": -0.16281549708648413,
        "z_inverse_harmonic_mean_rank": -4.07160792941594
      },
      "realistic": {
        "adjusted_arithmetic_mean_rank": 1.0511111036936442,
        "adjusted_arithmetic_mean_rank_index": -0.06580828801756788,
        "adjusted_geometric_mean_rank_index": -0.13423720922990112,
        "adjusted_hits_at_k": -0.03120975861019204,
        "adjusted_inverse_harmonic_mean_rank": -0.08903312480680059,
        "arithmetic_mean_rank": 4.706467628479004,
        "count": 402.0,
        "geometric_mean_rank": 3.8002941608428955,
        "harmonic_mean_rank": 3.033646445636464,
        "hits_at_1": 0.07213930348258707,
        "hits_at_10": 0.945273631840796,
        "hits_at_3": 0.46766169154228854,
        "hits_at_5": 0.6766169154228856,
        "inverse_arithmetic_mean_rank": 0.2124735713005066,
        "inverse_geometric_mean_rank": 0.2631375193595886,
        "inverse_harmonic_mean_rank": 0.3296363033465485,
        "inverse_median_rank": 0.25,
        "median_absolute_deviation": 2.965204437011204,
        "median_rank": 4.0,
        "standard_deviation": 3.058046817779541,
        "variance": 9.35165023803711,
        "z_arithmetic_mean_rank": -1.84239640715262,
        "z_geometric_mean_rank": -3.020085431750843,
        "z_hits_at_k": -0.16281549708648413,
        "z_inverse_harmonic_mean_rank": -4.07160906477699
      }
    },
    "head": {
      "optimistic": {
        "adjusted_arithmetic_mean_rank": 1.0462592804111936,
        "adjusted_arithmetic_mean_rank_index": -0.060044477390659656,
        "adjusted_geometric_mean_rank_index": -0.13720683306339976,
        "adjusted_hits_at_k": 0.15038823048631045,
        "adjusted_inverse_harmonic_mean_rank": -0.09488806647592107,
        "arithmetic_mean_rank": 4.557213930348259,
        "count": 201.0,
        "geometric_mean_rank": 3.656477011149008,
        "harmonic_mean_rank": 2.905088753124633,
        "hits_at_1": 0.08955223880597014,
        "hits_at_10": 0.9552238805970149,
        "hits_at_3": 0.5074626865671642,
        "hits_at_5": 0.6915422885572139,
        "inverse_arithmetic_mean_rank": 0.21943231441048033,
        "inverse_geometric_mean_rank": 0.2734872930831749,
        "inverse_harmonic_mean_rank": 0.34422356250714464,
        "inverse_median_rank": 0.3333333333333333,
        "median_absolute_deviation": 1.482602218505602,
        "median_rank": 3.0,
        "standard_deviation": 3.0153768770176494,
        "variance": 9.092497710452712,
        "z_arithmetic_mean_rank": -1.1670694362933887,
        "z_geometric_mean_rank": -2.1829562008511623,
        "z_hits_at_k": 0.5526258977331082,
        "z_inverse_harmonic_mean_rank": -2.9968955622006277
      },
      "pessimistic": {
        "adjusted_arithmetic_mean_rank": 1.0462592804111936,
        "adjusted_arithmetic_mean_rank_index": -0.060044477390659656,
        "adjusted_geometric_mean_rank_index": -0.13720683306339976,
        "adjusted_hits_at_k": 0.15038823048631045,
        "adjusted_inverse_harmonic_mean_rank": -0.09488806647592107,
        "arithmetic_mean_rank": 4.557213930348259,
        "count": 201.0,
        "geometric_mean_rank": 3.656477011149008,
        "harmonic_mean_rank": 2.905088753124633,
        "hits_at_1": 0.08955223880597014,
        "hits_at_10": 0.9552238805970149,
        "hits_at_3": 0.5074626865671642,
        "hits_at_5": 0.6915422885572139,
        "inverse_arithmetic_mean_rank": 0.21943231441048033,
        "inverse_geometric_mean_rank": 0.2734872930831749,
        "inverse_harmonic_mean_rank": 0.34422356250714464,
        "inverse_median_rank": 0.3333333333333333,
        "median_absolute_deviation": 1.482602218505602,
        "median_rank": 3.0,
        "standard_deviation": 3.0153768770176494,
        "variance": 9.092497710452712,
        "z_arithmetic_mean_rank": -1.1670694362933887,
        "z_geometric_mean_rank": -2.1829562008511623,
        "z_hits_at_k": 0.5526258977331082,
        "z_inverse_harmonic_mean_rank": -2.9968955622006277
      },
      "realistic": {
        "adjusted_arithmetic_mean_rank": 1.046259246643171,
        "adjusted_arithmetic_mean_rank_index": -0.06004443355981648,
        "adjusted_geometric_mean_rank_index": -0.13720671530473827,
        "adjusted_hits_at_k": 0.15038823048631045,
        "adjusted_inverse_harmonic_mean_rank": -0.09488808091065237,
        "arithmetic_mean_rank": 4.55721378326416,
        "count": 201.0,
        "geometric_mean_rank": 3.6564767360687256,
        "harmonic_mean_rank": 2.905088826089469,
        "hits_at_1": 0.08955223880597014,
        "hits_at_10": 0.9552238805970149,
        "hits_at_3": 0.5074626865671642,
        "hits_at_5": 0.6915422885572139,
        "inverse_arithmetic_mean_rank": 0.21943232417106628,
        "inverse_geometric_mean_rank": 0.27348729968070984,
        "inverse_harmonic_mean_rank": 0.34422355386155157,
        "inverse_median_rank": 0.3333333432674408,
        "median_absolute_deviation": 1.482602218505602,
        "median_rank": 3.0,
        "standard_deviation": 3.0153768062591553,
        "variance": 9.092497825622559,
        "z_arithmetic_mean_rank": -1.1670685843642872,
        "z_geometric_mean_rank": -2.1829543273147323,
        "z_hits_at_k": 0.5526258977331082,
        "z_inverse_harmonic_mean_rank": -2.996896018099708
      }
    },