{
  "losses": [
    3.425845282418387,
    3.1497181824275424,
    2.876651866095407,
    2.614598069872175,
    2.4616123267582486
  ],
  "metrics": {
    "both": {
      "optimistic": {
        "adjusted_arithmetic_mean_rank": 1.0655555555555558,
        "adjusted_arithmetic_mean_rank_index": -0.08440629470672412,
        "adjusted_geometric_mean_rank_index": -0.1602512682488615,
        "adjusted_hits_at_k": 0.01566341223572465,
        "adjusted_inverse_harmonic_mean_rank": -0.08567490938310984,
        "arithmetic_mean_rank": 4.7711442786069655,
        "count": 402.0,
        "geometric_mean_rank": 3.8645197187577844,
        "harmonic_mean_rank": 3.014740740327609,
        "hits_at_1": 0.10199004975124377,
        "hits_at_10": 0.9477611940298507,
        "hits_at_3": 0.41044776119402987,
        "hits_at_5": 0.6442786069651741,
        "inverse_arithmetic_mean_rank": 0.20959332638164754,
        "inverse_geometric_mean_rank": 0.2587643673148189,
        "inverse_harmonic_mean_rank": 0.3317034817034817,
        "inverse_median_rank": 0.25,
        "median_absolute_deviation": 2.965204437011204,
        "median_rank": 4.0,
        "standard_deviation": 2.9519136527030274,
        "variance": 8.713794213014529,
        "z_arithmetic_mean_rank": -2.3630739955918614,
        "z_geometric_mean_rank": -3.6053529675896954,
        "z_hits_at_k": 0.081713103939137,
        "z_inverse_harmonic_mean_rank": -3.918033186245893
      },
      "pessimistic": {
        "adjusted_arithmetic_mean_rank": 1.0655555555555558,
        "adjusted_arithmetic_mean_rank_index": -0.08440629470672412,
        "adjusted_geometric_mean_rank_index": -0.1602512682488615,
        "adjusted_hits_at_k": 0.01566341223572465,
        "adjusted_inverse_harmonic_mean_rank": -0.08567490938310984,
        "arithmetic_mean_rank": 4.7711442786069655,
        "count": 402.0,
        "geometric_mean_rank": 3.8645197187577844,
        "harmonic_mean_rank": 3.014740740327609,
        "hits_at_1": 0.10199004975124377,
        "hits_at_10": 0.9477611940298507,
        "hits_at_3": 0.41044776119402987,
        "hits_at_5": 0.6442786069651741,
        "inverse_arithmetic_mean_rank": 0.20959332638164754,
        "inverse_geometric_mean_rank": 0.2587643673148189,
        "inverse_harmonic_mean_rank": 0.3317034817034817,
        "inverse_median_rank": 0.25,
        "median_absolute_deviation": 2.965204437011204,
        "median_rank": 4.0,
        "standard_deviation": 2.9519136527030274,
        "variance": 8.713794213014529,
        "z_arithmetic_mean_rank": -2.3630739955918614,
        "z_geometric_mean_rank": -3.6053529675896954,
        "z_hits_at_k": 0.081713103939137,
        "z_inverse_harmonic_mean_rank": -3.918033186245893
      },
      "realistic": {
        "adjusted_arithmetic_mean_rank": 1.0655555804570518,
        "adjusted_arithmetic_mean_rank_index": -0.08440632676873605,
        "adjusted_geometric_mean_rank_index": -0.16025141170638246,
        "adjusted_hits_at_k": 0.01566341223572465,
        "adjusted_inverse_harmonic_mean_rank": -0.08567483474138493,
        "arithmetic_mean_rank": 4.771144390106201,
        "count": 402.0,
        "geometric_mean_rank": 3.8645200729370117,
        "harmonic_mean_rank": 3.014740322736788,
        "hits_at_1": 0.10199004975124377,
        "hits_at_10": 0.9477611940298507,
        "hits_at_3": 0.41044776119402987,
        "hits_at_5": 0.6442786069651741,
        "inverse_arithmetic_mean_rank": 0.20959332585334778,
        "inverse_geometric_mean_rank": 0.2587643563747406,
        "inverse_harmonic_mean_rank": 0.33170352764983674,
        "inverse_median_rank": 0.25,
        "median_absolute_deviation": 2.965204437011204,
        "median_rank": 4.0,
        "standard_deviation": 2.951913833618164,
        "variance": 8.713794708251953,
        "z_arithmetic_mean_rank": -2.363074893213387,
        "z_geometric_mean_rank": -3.605356195114851,
        "z_hits_at_k": 0.081713103939137,
        "z_inverse_harmonic_mean_rank": -3.9180297727756326
      }
    },
    "head": {
      "optimistic": {
        "adjusted_arithmetic_mean_rank": 1.0759565962307251,
        "adjusted_arithmetic_mean_rank_index": -0.09859154929577452,
        "adjusted_geometric_mean_rank_index": -0.17031978320034113,
        "adjusted_hits_at_k": 0.05598692276256756,
        "adjusted_inverse_harmonic_mean_rank": -0.09412654547988897,
        "arithmetic_mean_rank": 4.686567164179104,
        "count": 201.0,
        "geometric_mean_rank": 3.733827751799372,
        "harmonic_mean_rank": 2.901244502414928,
        "hits_at_1": 0.09950248756218906,
        "hits_at_10": 0.9502487562189055,
        "hits_at_3": 0.4527363184079602,
        "hits_at_5": 0.6368159203980099,
        "inverse_arithmetic_mean_rank": 0.21337579617834396,
        "inverse_geometric_mean_rank": 0.2678216742907032,
        "inverse_harmonic_mean_rank": 0.3446796707990738,
        "inverse_median_rank": 0.25,
        "median_absolute_deviation": 2.965204437011204,
        "median_rank": 4.0,
        "standard_deviation": 3.0381109371424366,
        "variance": 9.230118066384495,
        "z_arithmetic_mean_rank": -1.916299197864447,
        "z_geometric_mean_rank": -2.7097821483352185,
        "z_hits_at_k": 0.20573301084085927,
        "z_inverse_harmonic_mean_rank": -2.9728440773481033
      },
      "pessimistic": {
        "adjusted_arithmetic_mean_rank": 1.0759565962307251,
        "adjusted_arithmetic_mean_rank_index": -0.09859154929577452,
        "adjusted_geometric_mean_rank_index": -0.17031978320034113,
        "adjusted_hits_at_k": 0.05598692276256756,
        "adjusted_inverse_harmonic_mean_rank": -0.09412654547988897,
        "arithmetic_mean_rank": 4.686567164179104,
        "count": 201.0,
        "geometric_mean_rank": 3.733827751799372,
        "harmonic_mean_rank": 2.901244502414928,
        "hits_at_1": 0.09950248756218906,
        "hits_at_10": 0.9502487562189055,
        "hits_at_3": 0.4527363184079602,
        "hits_at_5": 0.6368159203980099,
        "inverse_arithmetic_mean_rank": 0.21337579617834396,
        "inverse_geometric_mean_rank": 0.2678216742907032,
        "inverse_harmonic_mean_rank": 0.3446796707990738,
        "inverse_median_rank": 0.25,
        "median_absolute_deviation": 2.965204437011204,
        "median_rank": 4.0,
        "standard_deviation": 3.0381109371424366,
        "variance": 9.230118066384495,
        "z_arithmetic_mean_rank": -1.916299197864447,
        "z_geometric_mean_rank": -2.7097821483352185,
        "z_hits_at_k": 0.20573301084085927,
        "z_inverse_harmonic_mean_rank": -2.9728440773481033
      },
      "realistic": {
        "adjusted_arithmetic_mean_rank": 1.0759566289094569,
        "adjusted_arithmetic_mean_rank_index": -0.0985915917127198,
        "adjusted_geometric_mean_rank_index": -0.1703197143393398,
        "adjusted_hits_at_k": 0.05598692276256756,
        "adjusted_inverse_harmonic_mean_rank": -0.09412652114484565,
        "arithmetic_mean_rank": 4.686567306518555,
        "count": 201.0,
        "geometric_mean_rank": 3.733827590942383,
        "harmonic_mean_rank": 2.9012443797312315,
        "hits_at_1": 0.09950248756218906,
        "hits_at_10": 0.9502487562189055,
        "hits_at_3": 0.4527363184079602,
        "hits_at_5": 0.6368159203980099,
        "inverse_arithmetic_mean_rank": 0.21337579190731049,
        "inverse_geometric_mean_rank": 0.26782169938087463,
        "inverse_harmonic_mean_rank": 0.3446796853743975,
        "inverse_median_rank": 0.25,
        "median_absolute_deviation": 2.965204437011204,
        "median_rank": 4.0,
        "standard_deviation": 3.0381109714508057,
        "variance": 9.230118751525879,
        "z_arithmetic_mean_rank": -1.9163000223119653,
        "z_geometric_mean_rank": -2.7097810527589488,
        "z_hits_at_k": 0.20573301084085927,
        "z_inverse_harmonic_mean_rank": -2.9728433087626946
      }
    },