{
  "losses": [
    13.782384940556117,
    6.8227715492248535,
    3.9908433982304166,
    2.916532891137259,
    2.425128766468593
  ],
  "metrics": {
    "both": {
      "optimistic": {
        "adjusted_arithmetic_mean_rank": 0.8744444444444445,
        "adjusted_arithmetic_mean_rank_index": 0.16165951359084407,
        "adjusted_geometric_mean_rank_index": 0.22994146349369005,
        "adjusted_hits_at_k": 0.01566341223572465,
        "adjusted_inverse_harmonic_mean_rank": 0.12734044277380985,
        "arithmetic_mean_rank": 3.915422885572139,
        "count": 402.0,
        "geometric_mean_rank": 2.9011811689284492,
        "harmonic_mean_rank": 2.1606349464589103,
        "hits_at_1": 0.26119402985074625,
        "hits_at_10": 0.9477611940298507,
        "hits_at_3": 0.5572139303482587,
        "hits_at_5": 0.7686567164179104,
        "inverse_arithmetic_mean_rank": 0.2554002541296061,
        "inverse_geometric_mean_rank": 0.3446871952396375,
        "inverse_harmonic_mean_rank": 0.46282691189407615,
        "inverse_median_rank": 0.3333333333333333,
        "median_absolute_deviation": 2.965204437011204,
        "median_rank": 3.0,
        "standard_deviation": 3.0367256104409712,
        "variance": 9.22170243310809,
        "z_arithmetic_mean_rank": 4.5258874830827125,
        "z_geometric_mean_rank": 5.173251649350259,
        "z_hits_at_k": 0.081713103939137,
        "z_inverse_harmonic_mean_rank": 5.823456182579783
      },
      "pessimistic": {
        "adjusted_arithmetic_mean_rank": 0.8744444444444445,
        "adjusted_arithmetic_mean_rank_index": 0.16165951359084407,
        "adjusted_geometric_mean_rank_index": 0.22994146349369005,
        "adjusted_hits_at_k": 0.01566341223572465,
        "adjusted_inverse_harmonic_mean_rank": 0.12734044277380985,
        "arithmetic_mean_rank": 3.915422885572139,
        "count": 402.0,
        "geometric_mean_rank": 2.9011811689284492,
        "harmonic_mean_rank": 2.1606349464589103,
        "hits_at_1": 0.26119402985074625,
        "hits_at_10": 0.9477611940298507,
        "hits_at_3": 0.5572139303482587,
        "hits_at_5": 0.7686567164179104,
        "inverse_arithmetic_mean_rank": 0.2554002541296061,
        "inverse_geometric_mean_rank": 0.3446871952396375,
        "inverse_harmonic_mean_rank": 0.46282691189407615,
        "inverse_median_rank": 0.3333333333333333,
        "median_absolute_deviation": 2.965204437011204,
        "median_rank": 3.0,
        "standard_deviation": 3.0367256104409712,
        "variance": 9.22170243310809,
        "z_arithmetic_mean_rank": 4.5258874830827125,
        "z_geometric_mean_rank": 5.173251649350259,
        "z_hits_at_k": 0.081713103939137,
        "z_inverse_harmonic_mean_rank": 5.823456182579783
      },
      "realistic": {
        "adjusted_arithmetic_mean_rank": 0.8744444513320924,
        "adjusted_arithmetic_mean_rank_index": 0.1616595047226279,
        "adjusted_geometric_mean_rank_index": 0.2299415389687316,
        "adjusted_hits_at_k": 0.01566341223572465,
        "adjusted_inverse_harmonic_mean_rank": 0.1273404768024199,
        "arithmetic_mean_rank": 3.9154229164123535,
        "count": 402.0,
        "geometric_mean_rank": 2.9011809825897217,
        "harmonic_mean_rank": 2.160634848672978,
        "hits_at_1": 0.26119402985074625,
        "hits_at_10": 0.9477611940298507,
        "hits_at_3": 0.5572139303482587,
        "hits_at_5": 0.7686567164179104,
        "inverse_arithmetic_mean_rank": 0.25540024042129517,
        "inverse_geometric_mean_rank": 0.34468722343444824,
        "inverse_harmonic_mean_rank": 0.46282693284067944,
        "inverse_median_rank": 0.3333333432674408,
        "median_absolute_deviation": 2.965204437011204,
        "median_rank": 3.0,
        "standard_deviation": 3.0367257595062256,
        "variance": 9.22170352935791,
        "z_arithmetic_mean_rank": 4.525887234804415,
        "z_geometric_mean_rank": 5.173253347397132,
        "z_hits_at_k": 0.081713103939137,
        "z_inverse_harmonic_mean_rank": 5.823457738755614
      }
    },
    "head": {
      "optimistic": {
        "adjusted_arithmetic_mean_rank": 0.8612221587664192,
        "adjusted_arithmetic_mean_rank_index": 0.1801334321719792,
        "adjusted_geometric_mean_rank_index": 0.24243203076426356,
        "adjusted_hits_at_k": 0.15038823048631045,
        "adjusted_inverse_harmonic_mean_rank": 0.13655362422164474,
        "arithmetic_mean_rank": 3.7512437810945274,
        "count": 201.0,
        "geometric_mean_rank": 2.7696533613295458,
        "harmonic_mean_rank": 2.0710617226623325,
        "hits_at_1": 0.2835820895522388,
        "hits_at_10": 0.9552238805970149,
        "hits_at_3": 0.5771144278606966,
        "hits_at_5": 0.7860696517412935,
        "inverse_arithmetic_mean_rank": 0.26657824933687,
        "inverse_geometric_mean_rank": 0.3610560129878345,
        "inverse_harmonic_mean_rank": 0.4828441320978635,
        "inverse_median_rank": 0.3333333333333333,
        "median_absolute_deviation": 2.965204437011204,
        "median_rank": 3.0,
        "standard_deviation": 2.940168023301967,
        "variance": 8.644588005247394,
        "z_arithmetic_mean_rank": 3.5012083088801624,
        "z_geometric_mean_rank": 3.8570856350663796,
        "z_hits_at_k": 0.5526258977331082,
        "z_inverse_harmonic_mean_rank": 4.312838965225492
      },
      "pessimistic": {
        "adjusted_arithmetic_mean_rank": 0.8612221587664192,
        "adjusted_arithmetic_mean_rank_index": 0.1801334321719792,
        "adjusted_geometric_mean_rank_index": 0.24243203076426356,
        "adjusted_hits_at_k": 0.15038823048631045,
        "adjusted_inverse_harmonic_mean_rank": 0.13655362422164474,
        "arithmetic_mean_rank": 3.7512437810945274,
        "count": 201.0,
        "geometric_mean_rank": 2.7696533613295458,
        "harmonic_mean_rank": 2.0710617226623325,
        "hits_at_1": 0.2835820895522388,
        "hits_at_10": 0.9552238805970149,
        "hits_at_3": 0.5771144278606966,
        "hits_at_5": 0.7860696517412935,
        "inverse_arithmetic_mean_rank": 0.26657824933687,
        "inverse_geometric_mean_rank": 0.3610560129878345,
        "inverse_harmonic_mean_rank": 0.4828441320978635,
        "inverse_median_rank": 0.3333333333333333,
        "median_absolute_deviation": 2.965204437011204,
        "median_rank": 3.0,
        "standard_deviation": 2.940168023301967,
        "variance": 8.644588005247394,
        "z_arithmetic_mean_rank": 3.5012083088801624,
        "z_geometric_mean_rank": 3.8570856350663796,
        "z_hits_at_k": 0.5526258977331082,
        "z_inverse_harmonic_mean_rank": 4.312838965225492
      },
      "realistic": {
        "adjusted_arithmetic_mean_rank": 0.8612221699316525,
        "adjusted_arithmetic_mean_rank_index": 0.18013341767952307,
        "adjusted_geometric_mean_rank_index": 0.24243204832318255,
        "adjusted_hits_at_k": 0.15038823048631045,
        "adjusted_inverse_harmonic_mean_rank": 0.13655365194448843,
        "arithmetic_mean_rank": 3.751243829727173,
        "count": 201.0,
        "geometric_mean_rank": 2.7696533203125,
        "harmonic_mean_rank": 2.0710616514410267,
        "hits_at_1": 0.2835820895522388,
        "hits_at_10": 0.9552238805970149,
        "hits_at_3": 0.5771144278606966,
        "hits_at_5": 0.7860696517412935,
        "inverse_arithmetic_mean_rank": 0.2665782570838928,
        "inverse_geometric_mean_rank": 0.36105602979660034,
        "inverse_harmonic_mean_rank": 0.4828441487022893,
        "inverse_median_rank": 0.3333333432674408,
        "median_absolute_deviation": 2.965204437011204,
        "median_rank": 3.0,
        "standard_deviation": 2.9401681423187256,
        "variance": 8.644588470458984,
        "z_arithmetic_mean_rank": 3.5012080271939254,
        "z_geometric_mean_rank": 3.857085914428204,
        "z_hits_at_k": 0.5526258977331082,
        "z_inverse_harmonic_mean_rank": 4.312839840809435
      }
    },