{
  "losses": [
    1.4654827628816878,
    1.4085374559674944,
    1.385260054043361,
    1.4133900233677454,
    1.3303896699632918
  ],
  "metrics": {
    "both": {
      "optimistic": {
        "adjusted_arithmetic_mean_rank": 1.0677777777777777,
        "adjusted_arithmetic_mean_rank_index": -0.08726752503576551,
        "adjusted_geometric_mean_rank_index": -0.2414381085531323,
        "adjusted_hits_at_k": 0.01566341223572465,
        "adjusted_inverse_harmonic_mean_rank": -0.16043823131750412,
        "arithmetic_mean_rank": 4.781094527363184,
        "count": 402.0,
        "geometric_mean_rank": 4.064960184818401,
        "harmonic_mean_rank": 3.5003921563131515,
        "hits_at_1": 0.0,
        "hits_at_10": 0.9477611940298507,
        "hits_at_3": 0.4154228855721393,
        "hits_at_5": 0.6890547263681592,
        "inverse_arithmetic_mean_rank": 0.20915712799167535,
        "inverse_geometric_mean_rank": 0.24600486955192016,
        "inverse_harmonic_mean_rank": 0.28568227654048545,
        "inverse_median_rank": 0.25,
        "median_absolute_deviation": 2.965204437011204,
        "median_rank": 4.0,
        "standard_deviation": 2.838407653243267,
        "variance": 8.05655800598995,
        "z_arithmetic_mean_rank": -2.443178198832257,
        "z_geometric_mean_rank": -5.431904600027799,
        "z_hits_at_k": 0.081713103939137,
        "z_inverse_harmonic_mean_rank": -7.337064248690069
      },
      "pessimistic": {
        "adjusted_arithmetic_mean_rank": 1.0677777777777777,
        "adjusted_arithmetic_mean_rank_index": -0.08726752503576551,
        "adjusted_geometric_mean_rank_index": -0.2414381085531323,
        "adjusted_hits_at_k": 0.01566341223572465,
        "adjusted_inverse_harmonic_mean_rank": -0.16043823131750412,
        "arithmetic_mean_rank": 4.781094527363184,
        "count": 402.0,
        "geometric_mean_rank": 4.064960184818401,
        "harmonic_mean_rank": 3.5003921563131515,
        "hits_at_1": 0.0,
        "hits_at_10": 0.9477611940298507,
        "hits_at_3": 0.4154228855721393,
        "hits_at_5": 0.6890547263681592,
        "inverse_arithmetic_mean_rank": 0.20915712799167535,
        "inverse_geometric_mean_rank": 0.24600486955192016,
        "inverse_harmonic_mean_rank": 0.28568227654048545,
        "inverse_median_rank": 0.25,
        "median_absolute_deviation": 2.965204437011204,
        "median_rank": 4.0,
        "standard_deviation": 2.838407653243267,
        "variance": 8.05655800598995,
        "z_arithmetic_mean_rank": -2.443178198832257,
        "z_geometric_mean_rank": -5.431904600027799,
        "z_hits_at_k": 0.081713103939137,
        "z_inverse_harmonic_mean_rank": -7.337064248690069
      },
      "realistic": {
        "adjusted_arithmetic_mean_rank": 1.0677777830759685,
        "adjusted_arithmetic_mean_rank_index": -0.08726753185747027,
        "adjusted_geometric_mean_rank_index": -0.2414378417290184,
        "adjusted_hits_at_k": 0.01566341223572465,
        "adjusted_inverse_harmonic_mean_rank": -0.16043822622991333,
        "arithmetic_mean_rank": 4.781094551086426,
        "count": 402.0,
        "geometric_mean_rank": 4.064959526062012,
        "harmonic_mean_rank": 3.5003921179411046,
        "hits_at_1": 0.0,
        "hits_at_10": 0.9477611940298507,
        "hits_at_3": 0.4154228855721393,
        "hits_at_5": 0.6890547263681592,
        "inverse_arithmetic_mean_rank": 0.20915712416172028,
        "inverse_geometric_mean_rank": 0.24600490927696228,
        "inverse_harmonic_mean_rank": 0.28568227967219567,
        "inverse_median_rank": 0.25,
        "median_absolute_deviation": 2.965204437011204,
        "median_rank": 4.0,
        "standard_deviation": 2.8384077548980713,
        "variance": 8.056558609008789,
        "z_arithmetic_mean_rank": -2.4431783898155643,
        "z_geometric_mean_rank": -5.43189859698569,
        "z_hits_at_k": 0.081713103939137,
        "z_inverse_harmonic_mean_rank": -7.3370640160274405
      }
    },
    "head": {
      "optimistic": {
        "adjusted_arithmetic_mean_rank": 1.0908052541404911,
        "adjusted_arithmetic_mean_rank_index": -0.11786508524833206,
        "adjusted_geometric_mean_rank_index": -0.2626460601782674,
        "adjusted_hits_at_k": -0.32161830813240755,
        "adjusted_inverse_harmonic_mean_rank": -0.17285615750179695,
        "arithmetic_mean_rank": 4.751243781094527,
        "count": 201.0,
        "geometric_mean_rank": 3.9494988374682385,
        "harmonic_mean_rank": 3.361061457579385,
        "hits_at_1": 0.0,
        "hits_at_10": 0.9303482587064676,
        "hits_at_3": 0.4577114427860697,
        "hits_at_5": 0.6965174129353234,
        "inverse_arithmetic_mean_rank": 0.21047120418848167,
        "inverse_geometric_mean_rank": 0.2531966816936788,
        "inverse_harmonic_mean_rank": 0.2975250564802804,
        "inverse_median_rank": 0.25,
        "median_absolute_deviation": 2.965204437011204,
        "median_rank": 4.0,
        "standard_deviation": 3.051434854607593,
        "variance": 9.311254671914062,
        "z_arithmetic_mean_rank": -2.2909140786499798,
        "z_geometric_mean_rank": -4.178690178136751,
        "z_hits_at_k": -1.1818385367281508,
        "z_inverse_harmonic_mean_rank": -5.459399380296622
      },
      "pessimistic": {
        "adjusted_arithmetic_mean_rank": 1.0908052541404911,
        "adjusted_arithmetic_mean_rank_index": -0.11786508524833206,
        "adjusted_geometric_mean_rank_index": -0.2626460601782674,
        "adjusted_hits_at_k": -0.32161830813240755,
        "adjusted_inverse_harmonic_mean_rank": -0.17285615750179695,
        "arithmetic_mean_rank": 4.751243781094527,
        "count": 201.0,
        "geometric_mean_rank": 3.9494988374682385,
        "harmonic_mean_rank": 3.361061457579385,
        "hits_at_1": 0.0,
        "hits_at_10": 0.9303482587064676,
        "hits_at_3": 0.4577114427860697,
        "hits_at_5": 0.6965174129353234,
        "inverse_arithmetic_mean_rank": 0.21047120418848167,
        "inverse_geometric_mean_rank": 0.2531966816936788,
        "inverse_harmonic_mean_rank": 0.2975250564802804,
        "inverse_median_rank": 0.25,
        "median_absolute_deviation": 2.965204437011204,
        "median_rank": 4.0,
        "standard_deviation": 3.051434854607593,
        "variance": 9.311254671914062,
        "z_arithmetic_mean_rank": -2.2909140786499798,
        "z_geometric_mean_rank": -4.178690178136751,
        "z_hits_at_k": -1.1818385367281508,
        "z_inverse_harmonic_mean_rank": -5.459399380296622
      },
      "realistic": {
        "adjusted_arithmetic_mean_rank": 1.090805210568849,
        "adjusted_arithmetic_mean_rank_index": -0.11786502869240523,
        "adjusted_geometric_mean_rank_index": -0.2626458793216666,
        "adjusted_hits_at_k": -0.32161830813240755,
        "adjusted_inverse_harmonic_mean_rank": -0.17285616034090878,
        "arithmetic_mean_rank": 4.751243591308594,
        "count": 201.0,
        "geometric_mean_rank": 3.949498414993286,
        "harmonic_mean_rank": 3.3610614767891254,
        "hits_at_1": 0.0,
        "hits_at_10": 0.9303482587064676,
        "hits_at_3": 0.4577114427860697,
        "hits_at_5": 0.6965174129353234,
        "inverse_arithmetic_mean_rank": 0.21047121286392212,
        "inverse_geometric_mean_rank": 0.25319671630859375,
        "inverse_harmonic_mean_rank": 0.2975250547798119,
        "inverse_median_rank": 0.25,
        "median_absolute_deviation": 2.965204437011204,
        "median_rank": 4.0,
        "standard_deviation": 3.0514347553253174,
        "variance": 9.311254501342773,
        "z_arithmetic_mean_rank": -2.2909129793866256,
        "z_geometric_mean_rank": -4.178687300714177,
        "z_hits_at_k": -1.1818385367281508,
        "z_inverse_harmonic_mean_rank": -5.4593994699656605
      }
    },
    "tail": {
      "optimistic": {
        "adjusted_arithmetic_mean_rank": 1.0459707950243375,
        "adjusted_arithmetic_mean_rank_index": -0.05874222529371109,